timestamp,datetime,comment-id,author-id,agrees,disagrees,moderated,comment-body
1593461131,Mon Jun 29 2020 20:05:31 GMT+0000 (Coordinated Universal Time),0,0,50,1,1,"More cycling and walking in cities globally."
1593461482,Mon Jun 29 2020 20:11:22 GMT+0000 (Coordinated Universal Time),1,0,40,5,1,"The shift to telecommuting / working from home will be permanent for many."
1593461494,Mon Jun 29 2020 20:11:34 GMT+0000 (Coordinated Universal Time),2,0,44,3,1,"Public and active Transportation have to be centered as a core element of the economic recovery."
1593461508,Mon Jun 29 2020 20:11:48 GMT+0000 (Coordinated Universal Time),3,0,20,25,1,"Many restaurants will permanently shift to delivery and online models with no public facing option."
1593461520,Mon Jun 29 2020 20:12:00 GMT+0000 (Coordinated Universal Time),4,0,27,16,1,"Don't act too quickly.  Ad hoc transport development is normally a bad thing as it lacks real forethought and integration."
1593461534,Mon Jun 29 2020 20:12:14 GMT+0000 (Coordinated Universal Time),5,0,25,25,1,"This will collapse airlines and international travel, and spur the move towards localism, which will have a positive impact on reduction in greenhouse emissions and the climate emergency."
1593461544,Mon Jun 29 2020 20:12:24 GMT+0000 (Coordinated Universal Time),6,0,43,3,1,"The pandemic has exposed the fragility of most common business models supporting public transport."
1593461552,Mon Jun 29 2020 20:12:32 GMT+0000 (Coordinated Universal Time),7,0,32,14,1,"The pandemic will lead to a large investment by local governments and transport authorities into reshaping streets as shared spaces."
1593461564,Mon Jun 29 2020 20:12:44 GMT+0000 (Coordinated Universal Time),8,0,20,7,1,"I fear I was naive to not have seen something like this coming, a disruption that puts a pause on the push factors (congestion, gas prices, etc.), while substantially increasing the perception of risk that comes with ditching your own car in favor of shared mobility."
1593461574,Mon Jun 29 2020 20:12:54 GMT+0000 (Coordinated Universal Time),9,0,18,26,1,"International flights will remain restricted after the collapse of many airlines, and those that wish to recover are encouraged to adopt more environmentally friendly vehicles such as electric propulsion and airships. This totally changes people's perception on travel, as fossil fuel powered transport becomes rapidly obsolete."
1593461582,Mon Jun 29 2020 20:13:02 GMT+0000 (Coordinated Universal Time),10,0,40,13,1,"Behavior change and consumption patterns will be forever altered; this can potentially break the status quo politicians have been stuck to and allow the opportunity to rethink systems and incorporate new methods and environmental justice/equity considerations."
1593461592,Mon Jun 29 2020 20:13:12 GMT+0000 (Coordinated Universal Time),11,0,30,22,1,"Public transportation is considered more essential than I previously thought."
1593461608,Mon Jun 29 2020 20:13:28 GMT+0000 (Coordinated Universal Time),12,0,26,13,1,"I expect an exodus of young families from high density living as a result of mental scars left by the cabin fever of having to cram modern work into the same space as raising children."
1593461618,Mon Jun 29 2020 20:13:38 GMT+0000 (Coordinated Universal Time),13,0,27,5,1,"Air travel is fundamentally unsustainable."
1593461626,Mon Jun 29 2020 20:13:46 GMT+0000 (Coordinated Universal Time),14,0,17,9,1,"The end of the franchise regime and a return to a state managed and planned network."
1593461635,Mon Jun 29 2020 20:13:55 GMT+0000 (Coordinated Universal Time),15,0,35,2,1,"We will see better standards for cleaning in public transport, and better metrics to ensure that effective cleaning occurs."
1593461644,Mon Jun 29 2020 20:14:04 GMT+0000 (Coordinated Universal Time),16,0,48,6,1,"More focus on the '10 minute neighbourhood' or similar where people can walk or cycle to all their daily needs."
1593461651,Mon Jun 29 2020 20:14:11 GMT+0000 (Coordinated Universal Time),17,0,14,4,1,"This will worsen the current austere and efficiency-driven approaches in transport and mobility planning and not provide the necessary resources, alternatives and redundancies (staff, transport modes, tracks etc.) that we need."
1593461662,Mon Jun 29 2020 20:14:22 GMT+0000 (Coordinated Universal Time),18,0,24,10,1,"The pandemic will launch a wave of new policies and infrastructure for urban delivery and curbside pick-up."
1593461673,Mon Jun 29 2020 20:14:33 GMT+0000 (Coordinated Universal Time),19,0,18,17,1,"Rail and sea travel will take their place fully as critical components of the transport network."
1593461680,Mon Jun 29 2020 20:14:40 GMT+0000 (Coordinated Universal Time),20,0,40,6,1,"We will see restrictions of motor vehicles into city centers, and prioritisation of public transport and cycling."
1593461689,Mon Jun 29 2020 20:14:49 GMT+0000 (Coordinated Universal Time),21,0,37,15,1,"We will see the permanent closure of a lot of streets to through traffic, especially streets in and near parks and smaller residential streets."
1593461699,Mon Jun 29 2020 20:14:59 GMT+0000 (Coordinated Universal Time),22,0,41,7,1,"We are seeing a siginificant loss of confidence in public transport."
1593461708,Mon Jun 29 2020 20:15:08 GMT+0000 (Coordinated Universal Time),23,0,11,18,1,"I was thinking about selling my car, but not anymore."
1593461718,Mon Jun 29 2020 20:15:18 GMT+0000 (Coordinated Universal Time),24,0,47,7,1,"We travel to much, especially commuting trips. Most meetings and work can be conducted virtually or remotely."
1593461728,Mon Jun 29 2020 20:15:28 GMT+0000 (Coordinated Universal Time),25,0,17,24,1,"Dispersed urban development, the much-maligned urban sprawl) will again be sexy. Compact high-density developments will lose allure as fertile epicenter for pandemic."
1593461754,Mon Jun 29 2020 20:15:54 GMT+0000 (Coordinated Universal Time),26,0,28,1,1,"During the pandemic air quality improvements have been reported on, but implementation of clean air zones have been deferred. Shopping behaviours have shifted, but in ways that might hit the high street harder than the supermarkets."
1593461792,Mon Jun 29 2020 20:16:32 GMT+0000 (Coordinated Universal Time),27,0,24,5,1,"I'm surprised and disappointed by the number of people embedded in their longstanding policy ambitions. I think it's a real constraint on a behavioural approach to user transition. If the transport and place policy can't open their own minds to new behaviours, how can they expect to hear what people are saying, much less fathom the underlying motivations and possible solutions."
1593461826,Mon Jun 29 2020 20:17:06 GMT+0000 (Coordinated Universal Time),28,0,45,2,1,"Fiscal effects probably the greatest impact. Companies will need to reevaluate revenue sources, non-profits will need to look at new ways of philanthropy. In the long-term too, I think we will see more flexibility in how we work. Many businesses have observed that employees can do their work remotely - we don't necessarily need buildings or ""places to work""."
1593461846,Mon Jun 29 2020 20:17:26 GMT+0000 (Coordinated Universal Time),29,0,36,19,1,"Flying habits and low cost airlines may change forever. In public transport intelligent systems may take over to redefine city routes of buses based on hourly demand. This may even reshape railed transport."
1593461859,Mon Jun 29 2020 20:17:39 GMT+0000 (Coordinated Universal Time),30,0,11,23,1,"Where a city/area can absorb additional car usage these maybe new areas of growth."
1593461868,Mon Jun 29 2020 20:17:48 GMT+0000 (Coordinated Universal Time),31,0,28,28,1,"Given me hope that we might actually be able to divest from flying, as air traffic has now come to a halt and the air industry is threatened."
1593461883,Mon Jun 29 2020 20:18:03 GMT+0000 (Coordinated Universal Time),32,0,32,2,1,"I live in an area which is relatively prosperous where the majority of residents perform well paid white collar jobs many of which can be done remotely. Patterns of employment and unemployment will be strongly correlated to the way that the pandemic measures will be experienced and will affect the impact on transport."
1593461892,Mon Jun 29 2020 20:18:12 GMT+0000 (Coordinated Universal Time),33,0,21,9,1,"More automation vis-a-vis both the users and the operators; possible dampening effect on the use of mass public transport unless cities take pro-active measures to limit individual mobility"
1593461901,Mon Jun 29 2020 20:18:21 GMT+0000 (Coordinated Universal Time),34,0,46,2,1,"We travel to much- especially commuting trips. Most meetings and work can be conducted virtually or remotely."
1593461916,Mon Jun 29 2020 20:18:36 GMT+0000 (Coordinated Universal Time),35,0,32,17,1,"Bluntly: public transport got scary and needs to do something to reassure me; private ride sharing sounds half dead and needs to reinvent itself till COVID is gone; I was thinking about selling my car, not anymore."
1593461926,Mon Jun 29 2020 20:18:46 GMT+0000 (Coordinated Universal Time),36,0,44,4,1,"Unfortunately there may be a loss of confidence in public transport. However, the merits of homeworking may reduce commuter pressure on public transport and car use. Also, staggered work times may be more common so public transport is used more regularly through the day"
1593461934,Mon Jun 29 2020 20:18:54 GMT+0000 (Coordinated Universal Time),37,0,36,2,1,"An acknowledgement that transit service is essential to ensure essential workforce can continue working"
1593461941,Mon Jun 29 2020 20:19:01 GMT+0000 (Coordinated Universal Time),38,0,14,6,1,"Lots of access to green space locally which might not be the case for bigger cities. Likely to therefore see less street closures creating space for social distancing allowing people to be physically active"
1593461950,Mon Jun 29 2020 20:19:10 GMT+0000 (Coordinated Universal Time),39,0,45,4,1,"Hopefully there will be a few more people working from home after this is over. Less impact to the roads allows for a more timely completion of outstanding upgrades. More people on bikes and scooters would also assist this and assist in a healthier population."
1593461969,Mon Jun 29 2020 20:19:29 GMT+0000 (Coordinated Universal Time),40,0,26,2,1,"Increased supply to reduce density, encouragement of mask use during public transport, encouragement of use of off-peak services"
1593461990,Mon Jun 29 2020 20:19:50 GMT+0000 (Coordinated Universal Time),41,0,18,11,1,"Cars cease to be the go to option: rail and sea take their place fully as part of a network that includes local roading. Just in time becomes less JIT and more in plenty of time."
1593462018,Mon Jun 29 2020 20:20:18 GMT+0000 (Coordinated Universal Time),42,0,9,17,1,"The knee-jerk reaction by many people is that this pandemic shows us why density is bad and therefore we are going to have a lot of car-dependent sprawl in the future to accommodate lower density development."
1593462029,Mon Jun 29 2020 20:20:29 GMT+0000 (Coordinated Universal Time),43,0,37,3,1,"I am rather concerned that the upcoming economic crisis will rather worsen the current austere and efficiency-driven approaches in transport and mobility planning and not provide the necessary resources, alternatives and redundancies (staff, transport modes, tracks etc.) that we need in times like these"
1593462037,Mon Jun 29 2020 20:20:37 GMT+0000 (Coordinated Universal Time),44,0,52,5,1,"More focus on the '10 minute neighbourhood' or similar where people can walk or cycle to all their daily needs. This is resiliency."
1593462044,Mon Jun 29 2020 20:20:44 GMT+0000 (Coordinated Universal Time),45,0,26,4,1,"Better standards for cleaning, metrics to ensure that cleaning occurs, more frequent service on viable routes, and demand-response feeders.  We will likely ditch cash fares which were expensive anyway for a common platform for information, booking, payment and reporting."
1593462068,Mon Jun 29 2020 20:21:08 GMT+0000 (Coordinated Universal Time),46,0,28,7,1,"Shifting funding priorities and possible ripple affects from population movements away from dense city centers to lower density environments that could shift transit demand patterns."
1593462077,Mon Jun 29 2020 20:21:17 GMT+0000 (Coordinated Universal Time),47,0,43,10,1,"Car use is constrained more in major cities than other urban areas"
1593462117,Mon Jun 29 2020 20:21:57 GMT+0000 (Coordinated Universal Time),48,0,45,4,1,"When walking around the neighbourhood it is very obvious how much space is given over to cars, both for parking and driving, and how people are enjoying using that space for other activites now that there is little car transport."
1593462163,Mon Jun 29 2020 20:22:43 GMT+0000 (Coordinated Universal Time),49,0,30,4,1,"Slow transport movement. Cities heal themselves from commuter chaos, as more people choose to work remotely, work flexible hours, integrate exercise into their commute, appreciate the resilience of human-powered modes of transportation."
1593462177,Mon Jun 29 2020 20:22:57 GMT+0000 (Coordinated Universal Time),50,0,27,16,1,"I am somewhat surprised both at how much I depended on trains / buses, and how well I can do without them when I must."
1593462199,Mon Jun 29 2020 20:23:19 GMT+0000 (Coordinated Universal Time),51,0,33,20,1,"Far fewer flights, collapse of airlines and much higher prices for long distance travel, public transport providers nationalised, return to private ownership and use, reduced congestion due to economic decline."
1594066595,Mon Jul 06 2020 20:16:35 GMT+0000 (Coordinated Universal Time),52,4,54,3,1,"Should be about equity, social justice and integration. Accessibility, re–allocation of streetspace in favor of transit, cycling and walking"
1594144508,Tue Jul 07 2020 17:55:08 GMT+0000 (Coordinated Universal Time),54,7,21,15,1,"Public transport will focus less on efficiency measures and more on user experience."
1594071732,Mon Jul 06 2020 21:42:12 GMT+0000 (Coordinated Universal Time),53,5,29,6,1,"Commuting will be valued based on surrounding areas AND amenities AND if it is possible to be done on sustainable modes."
1594318490,Thu Jul 09 2020 18:14:50 GMT+0000 (Coordinated Universal Time),57,14,34,3,1,"New ammunition for more active transportation possibilities, emphasizing secure/safe neighborhoods in addition to calmed streets."
1594318408,Thu Jul 09 2020 18:13:28 GMT+0000 (Coordinated Universal Time),56,14,45,0,1,"We will encourage some remote work to stay remote, and reallocate road space to bus lanes & cycle tracks, infrastructure for bike purchases."
1594318301,Thu Jul 09 2020 18:11:41 GMT+0000 (Coordinated Universal Time),55,14,40,5,1,"Opportunity to live/work closer to home and get started on the 15 minute city."
1594318524,Thu Jul 09 2020 18:15:24 GMT+0000 (Coordinated Universal Time),58,14,11,8,1,"More POC transportation experts will be tapped and listened to."
1595024610,Fri Jul 17 2020 22:23:30 GMT+0000 (Coordinated Universal Time),61,29,45,9,1,"I discovered during lockdown daily walks amazing area just in few min walks. The pandemic will change people perception about travelling."
1595009532,Fri Jul 17 2020 18:12:12 GMT+0000 (Coordinated Universal Time),60,20,21,17,1,"Offices will become places to meet and interact, there will be lots of space on highways and public transport as 'peak demand' disappears"
1595008875,Fri Jul 17 2020 18:01:15 GMT+0000 (Coordinated Universal Time),59,18,7,3,1,"an interesting if perhaps optimistic view"
1595212882,Mon Jul 20 2020 02:41:22 GMT+0000 (Coordinated Universal Time),63,36,18,24,1,"Pricing single-occupant vehicle travel is the only policy that really matters. All else is tinkering around the edges."
1595212688,Mon Jul 20 2020 02:38:08 GMT+0000 (Coordinated Universal Time),62,36,23,11,1,"We'll see a return to pre-pandemic travel patterns, with marginal increases in work-from-home and bicycling offset by ongoing transit woes."
1595339369,Tue Jul 21 2020 13:49:29 GMT+0000 (Coordinated Universal Time),65,45,21,4,1,"Yes, reduce commute to work times, yes, more localism but only if there is equality of access to digital infrastructure"
1595339175,Tue Jul 21 2020 13:46:15 GMT+0000 (Coordinated Universal Time),64,45,39,4,1,"Careful thought should be given to how future transport networks connect rural and urban communities, maximising accessibility."
1595429980,Wed Jul 22 2020 14:59:40 GMT+0000 (Coordinated Universal Time),67,48,31,4,1,"The pandemic has shown that business-owned public transport is not viable. Public transport can be sustained, but at a high societal cost."
1595429664,Wed Jul 22 2020 14:54:24 GMT+0000 (Coordinated Universal Time),66,48,21,7,1,"Economic crisis in the years to come will reduce funding for public transport."
1595445918,Wed Jul 22 2020 19:25:18 GMT+0000 (Coordinated Universal Time),68,49,17,5,1,"We need mobility management on motorways and other arterial roads."
1595597363,Fri Jul 24 2020 13:29:23 GMT+0000 (Coordinated Universal Time),83,52,19,2,1,"AQMAs from 2002 shows that air quality isn't being taken seriously enough"
1595597309,Fri Jul 24 2020 13:28:29 GMT+0000 (Coordinated Universal Time),82,52,39,1,1,"Land-use and transport planning needs to be more joined up"
1595597243,Fri Jul 24 2020 13:27:23 GMT+0000 (Coordinated Universal Time),81,52,32,1,1,"1/3rd of land-use dedicated to car parking is too much"
1595597063,Fri Jul 24 2020 13:24:23 GMT+0000 (Coordinated Universal Time),79,52,10,0,1,"It is wrong for guidance to require ramp up profiles for highway schemes, and decay profiles for cycling schemes."
1595597011,Fri Jul 24 2020 13:23:31 GMT+0000 (Coordinated Universal Time),78,52,19,8,1,"UK Guidance make changing the status quo in travel mode difficult"
1595596974,Fri Jul 24 2020 13:22:54 GMT+0000 (Coordinated Universal Time),77,52,24,1,1,"Modelling overly relies on extrapolating the present state of things and the forecasts look too like the present but more of it"
1595596860,Fri Jul 24 2020 13:21:00 GMT+0000 (Coordinated Universal Time),76,52,18,6,1,"Our tools and software are not good enough for consider all the options needed"
1595595792,Fri Jul 24 2020 13:03:12 GMT+0000 (Coordinated Universal Time),73,52,16,5,1,"Transport forecasts focused too much on the central scenario not the possible scenarios"
1595595740,Fri Jul 24 2020 13:02:20 GMT+0000 (Coordinated Universal Time),72,52,26,3,1,"We will see more shops and business parks converted to flats and housing"
1595595703,Fri Jul 24 2020 13:01:43 GMT+0000 (Coordinated Universal Time),71,52,16,8,1,"Current edge of town development are car dependent concrete warrens and will become as fashionable as the 50s concrete towers"
1595595551,Fri Jul 24 2020 12:59:11 GMT+0000 (Coordinated Universal Time),70,52,15,8,1,"20th C design is against 100s of years of living and working. Pubs used to be in homes, we will see return of smaller local businesses"
1595595381,Fri Jul 24 2020 12:56:21 GMT+0000 (Coordinated Universal Time),69,52,29,3,1,"Resilience and contingencies has been neglected, COIVD-19 caught the industry by surprise and without changes the next disaster will too"
1595597699,Fri Jul 24 2020 13:34:59 GMT+0000 (Coordinated Universal Time),86,52,2,12,1,"Autonomous vehicles will result in a renaissance for slow energy efficient water/canal based freight"
1595597565,Fri Jul 24 2020 13:32:45 GMT+0000 (Coordinated Universal Time),85,52,12,14,1,"Autonomous vehicles are more likely to improve public transport first before private vehicles"
1595597483,Fri Jul 24 2020 13:31:23 GMT+0000 (Coordinated Universal Time),84,52,19,13,1,"The industry is overly secretive in planning and design, in result this is harming the quality of design and by extension society"
1595597186,Fri Jul 24 2020 13:26:26 GMT+0000 (Coordinated Universal Time),80,52,23,12,1,"If highways were built to the same standard of planing, design, and funding as cycling; I wouldn't be surprised if cars had 2% of the trips."
1595596714,Fri Jul 24 2020 13:18:34 GMT+0000 (Coordinated Universal Time),75,52,25,6,1,"Decision makers subconsciously favour their situation e.g. live in a detached home and drive to work, hence that is the best option for all!"
1595595849,Fri Jul 24 2020 13:04:09 GMT+0000 (Coordinated Universal Time),74,52,19,4,1,"Traffic forecast and economic forecasts consistently over predict growth"
1596133403,Thu Jul 30 2020 18:23:23 GMT+0000 (Coordinated Universal Time),87,54,15,9,1,"Local shops will resist changes to parking or access even more vociferously"
1596193610,Fri Jul 31 2020 11:06:50 GMT+0000 (Coordinated Universal Time),93,52,24,4,1,"Travel times have improve over the last 100 years resulting in people living further away from shops and work"
1596193542,Fri Jul 31 2020 11:05:42 GMT+0000 (Coordinated Universal Time),92,52,2,10,1,"We don't know if it is ""rich countries build roads"" or ""roads build rich countries"""
1596193775,Fri Jul 31 2020 11:09:35 GMT+0000 (Coordinated Universal Time),97,52,17,3,1,"Using Value of Time in scheme appraisal is flawed"
1596193748,Fri Jul 31 2020 11:09:08 GMT+0000 (Coordinated Universal Time),96,52,18,6,1,"Quantifying more externalities would make it difficult for highway schemes to have a good BCR"
1596193713,Fri Jul 31 2020 11:08:33 GMT+0000 (Coordinated Universal Time),95,52,11,2,1,"The economic externalities of highways are far too high"
1596193669,Fri Jul 31 2020 11:07:49 GMT+0000 (Coordinated Universal Time),94,52,15,20,1,"Improving connectivity has been to the detriment of local communities"
1596193170,Fri Jul 31 2020 10:59:30 GMT+0000 (Coordinated Universal Time),91,52,25,1,1,"I like trains"
1596193154,Fri Jul 31 2020 10:59:14 GMT+0000 (Coordinated Universal Time),90,52,8,14,1,"I do not own a car"
1596193127,Fri Jul 31 2020 10:58:47 GMT+0000 (Coordinated Universal Time),89,52,25,11,1,"Good infrastructure is more important than any soft measures"
1596193056,Fri Jul 31 2020 10:57:36 GMT+0000 (Coordinated Universal Time),88,52,22,7,1,"If a business, office or factory was as dangerous as the highway network it would be shut down"
1596447566,Mon Aug 03 2020 09:39:26 GMT+0000 (Coordinated Universal Time),98,60,12,3,1,"New demand patterns may mean less public transport in morning peak, and more during daytime  Evening/night demand not coming back soon."
1597091144,Mon Aug 10 2020 20:25:44 GMT+0000 (Coordinated Universal Time),99,65,8,11,1,"Digital connectivity is better than physical connectivity for outcomes and VfM."
1597093389,Mon Aug 10 2020 21:03:09 GMT+0000 (Coordinated Universal Time),101,68,23,6,1,"We need road pricing. Cars need to pay the full cost of their impact."
1597092129,Mon Aug 10 2020 20:42:09 GMT+0000 (Coordinated Universal Time),100,66,13,8,1,"Their is a big disconnect in Active Travel mapping! Post Covid 19 we will see a massive improvement, all driven by the smart phone market.."
1597094295,Mon Aug 10 2020 21:18:15 GMT+0000 (Coordinated Universal Time),102,71,12,9,1,"Restoring confidence in using public transport will be linked to the restart and reopening of large public events (e.g. major sport events)"
1597133902,Tue Aug 11 2020 08:18:22 GMT+0000 (Coordinated Universal Time),106,83,12,5,1,"Despite the best efforts of authorities, politicians etc. it will be a generation before we break the psychological dependency for cars"
1597124666,Tue Aug 11 2020 05:44:26 GMT+0000 (Coordinated Universal Time),104,79,7,12,1,"Are we all over thinking this, transport will likely stay the same?"
1597097527,Mon Aug 10 2020 22:12:07 GMT+0000 (Coordinated Universal Time),103,73,20,3,1,"Transport systems designed to respond to the places and people they connect"
1597127377,Tue Aug 11 2020 06:29:37 GMT+0000 (Coordinated Universal Time),105,81,16,4,1,"walk and cycle can only do so much, shared transport either bus or psv or shared cars will be the key to major changes"
1597136024,Tue Aug 11 2020 08:53:44 GMT+0000 (Coordinated Universal Time),107,85,19,2,1,"If we are to truly change our transport landscape for a better future, planning and funding need critical oversight that focuses on need"
1597220801,Wed Aug 12 2020 08:26:41 GMT+0000 (Coordinated Universal Time),110,99,14,2,1,"Now is the time to banish the private car from town and city centres, in favour of streets geared to walking and cycling."
1597202151,Wed Aug 12 2020 03:15:51 GMT+0000 (Coordinated Universal Time),109,98,19,0,1,"With more people working from home, there will be changes to the economy & land use, in terms of location of restaurants, shops etc."
1597166626,Tue Aug 11 2020 17:23:46 GMT+0000 (Coordinated Universal Time),108,93,22,2,1,"Air quality, health, climate change must point to a drastic reduction of fuelled km travelled and ""more complete"" mixed-use integrated areas"
1597304606,Thu Aug 13 2020 07:43:26 GMT+0000 (Coordinated Universal Time),111,103,17,1,1,"A properly integrated transport policy (public, private & self powered) must to be driven locally to cater for the people in that place"
1597443354,Fri Aug 14 2020 22:15:54 GMT+0000 (Coordinated Universal Time),113,111,10,1,1,"People live closer to where they work, or they telework more. Cities focus increasingly on equitable public transport investment."
1597407453,Fri Aug 14 2020 12:17:33 GMT+0000 (Coordinated Universal Time),112,108,21,1,1,"Things will not change as much as we would hope but some gains will be seized by proactive planners and governments local and national."
1597735697,Tue Aug 18 2020 07:28:17 GMT+0000 (Coordinated Universal Time),114,122,13,0,1,"A greater role for Active Transport within a 5km range of major employment locations - not just city centres"
1604587814,Thu Nov 05 2020 14:50:14 GMT+0000 (Coordinated Universal Time),115,144,5,0,0,"Streets are the most important public space which we possess. The allocation of street space has a direct impact on our travel choices."
1604587837,Thu Nov 05 2020 14:50:37 GMT+0000 (Coordinated Universal Time),116,144,7,1,0,"We need to include parking in our thinking about the 'mobility ecosystem'"
1612866978,Tue Feb 09 2021 10:36:18 GMT+0000 (Coordinated Universal Time),117,149,6,0,0,"There has to be a big drive to improve cycling with new safe cycle routes, free cycling lessons etc."
