participant,group-id,n-comments,n-votes,n-agree,n-disagree,0,1,2,3,4,5,6,7,8,9,10,11,12,13,14,15,16,17,18,19,20,21,22,23,24,25,26,27,28,29,30,31,32,33,34,35,36,37,38,39,40,41,42,43,44,45,46,47,48,49,50,51,52,53,54,55,56,57,58,59,60,61,62,63,64,65,66,67,68,69,70,71,72,73,74,75,76,77,78,79,80,81,82,83,84,85,86,87,88,89,90,91,92,93,94,95,96,97,98,99,100,101,102,103,104,105,106,107,108,109,110,111,112,113,114,115,116,117
0,0,52,36,23,6,1,,1,,-1,,,,,1,1,0,,1,,,1,,-1,0,,1,,,0,,,,1,,,,0,,,1,1,1,,-1,,,,1,,,,1,,,,-1,1,0,,0,0,1,1,,,1,,,,,,,,,-1,,,,,,,,,,,1,,,,,,,,,,,,,1,,,,,1,,,,1,,,,,,,,,1,-1,1,,,
1,,0,4,3,1,,,,,,,,,,-1,,,,,,,,,,1,,,,,,,,,,,,,,,,,,,,,,,,,,,,,1,,1,,,,,,,,,,,,,,,,,,,,,,,,,,,,,,,,,,,,,,,,,,,,,,,,,,,,,,,,,,,,,,,,,,,
2,1,0,15,8,2,,,,0,,,,,,,1,1,,,,1,,,0,1,0,,,0,1,,,,,,,,,,,,1,-1,,,,-1,,1,1,,,,,,0,,,,,,,,,,,,,,,,,,,,,,,,,,,,,,,,,,,,,,,,,,,,,,,,,,,,,,,,,,,,,,,,,,,
3,1,0,64,44,6,1,1,1,1,-1,1,1,1,1,-1,1,1,0,1,0,1,1,1,1,-1,-1,1,1,0,1,0,1,1,1,1,0,1,1,1,1,1,1,1,0,0,1,0,1,1,1,1,1,0,1,0,1,1,1,0,1,1,1,0,1,0,0,1,-1,-1,,,,,,,,,,,,,,,,,,,,,,,,,,,,,,,,,,,,,,,,,,,,,,,,,,,,,,
4,1,1,8,6,2,,,,,,1,,,,,,,,,,1,,,,1,,,-1,,,,,,,,,,,,,,,,,,,,,,,,,-1,1,,1,,1,,,,,,,,,,,,,,,,,,,,,,,,,,,,,,,,,,,,,,,,,,,,,,,,,,,,,,,,,,,,,,,,,
5,1,1,59,46,6,1,1,1,0,0,1,1,1,0,1,1,-1,1,1,1,1,1,0,1,1,1,1,1,0,1,-1,1,0,1,1,1,1,1,0,1,-1,-1,1,-1,1,1,1,-1,1,1,1,1,1,1,1,1,1,1,1,1,1,1,1,1,,,,,,,,,,,,,,,,,,,,,,,,,,,,,,,,,,,,,,,,,,,,,,,,,,,,,,,,,,,
6,0,0,54,31,8,1,1,1,-1,-1,-1,1,1,0,-1,0,1,0,1,0,1,1,0,1,-1,1,1,1,1,1,0,0,0,1,1,0,0,0,1,1,1,1,1,0,1,1,0,0,-1,1,1,0,1,1,1,1,-1,1,-1,,,,,,,,,,,,,,,,,,,,,,,,,,,,,,,,,,,,,,,,,,,,,,,,,,,,,,,,,,,,,,,,
7,1,1,55,33,13,1,1,1,-1,1,-1,1,1,0,-1,1,1,0,0,-1,1,1,1,1,1,1,1,-1,-1,1,-1,1,0,1,1,-1,-1,1,1,0,-1,1,1,0,1,0,1,0,1,1,1,-1,0,1,1,-1,-1,1,1,1,,,,,,,,,,,,,,,,,,,,,,,,,,,,,,,,,,,,,,,,,,,,,,,,,,,,,,,,,,,,,,,
8,,0,1,1,0,,,,,,,,,,1,,,,,,,,,,,,,,,,,,,,,,,,,,,,,,,,,,,,,,,,,,,,,,,,,,,,,,,,,,,,,,,,,,,,,,,,,,,,,,,,,,,,,,,,,,,,,,,,,,,,,,,,,,,,
9,,0,3,1,0,,,,,,,,,,,,,,,,,,,,,,,1,,,,,,,,,,,,,0,,,,,,,,0,,,,,,,,,,,,,,,,,,,,,,,,,,,,,,,,,,,,,,,,,,,,,,,,,,,,,,,,,,,,,,,,,,,,,,,,,,
10,1,0,10,7,2,,,,,,,,,,-1,,,,,,,,,,,,,1,,,,,,,,,1,,,,-1,1,,,,,,,0,,,,,1,,1,,1,1,,,,,,,,,,,,,,,,,,,,,,,,,,,,,,,,,,,,,,,,,,,,,,,,,,,,,,,,,,,,,,,,
11,,0,5,4,1,,,,,,,,1,,,,1,,,,,,,,,,,,,,,,,1,,,,,,,,,1,,,,,,,,,-1,,,,,,,,,,,,,,,,,,,,,,,,,,,,,,,,,,,,,,,,,,,,,,,,,,,,,,,,,,,,,,,,,,,,,,,
12,1,0,55,36,15,1,1,1,1,-1,0,1,1,1,-1,1,-1,-1,-1,-1,1,1,1,1,-1,1,1,1,-1,1,-1,0,1,1,-1,-1,1,1,1,1,-1,1,1,0,1,1,-1,-1,1,1,1,0,1,1,1,-1,1,1,1,1,,,,,,,,,,,,,,,,,,,,,,,,,,,,,,,,,,,,,,,,,,,,,,,,,,,,,,,,,,,,,,,
13,1,0,11,7,2,1,,,,,,1,,,,,1,,,,,,,,,,,,-1,0,,,,,,,1,,,,-1,,,,,,,,,1,,,,,,,1,1,,0,,,,,,,,,,,,,,,,,,,,,,,,,,,,,,,,,,,,,,,,,,,,,,,,,,,,,,,,,,,,,,,
14,1,4,26,17,6,,1,,,-1,1,,,,,,1,,1,-1,1,,0,,,,,0,-1,,,1,,,,-1,1,,,1,-1,1,,,1,,,0,,1,,,,,,,-1,1,,1,1,1,1,1,,,,,,,,,,,,,,,,,,,,,,,,,,,,,,,,,,,,,,,,,,,,,,,,,,,,,,,,,,,
15,0,0,9,5,2,,,,,,,,,,,,,,0,,,,,,,,,1,,,,,,,,,,,,,,,,,,,,,,1,,-1,,,1,,-1,1,1,,,,,0,,,,,,,,,,,,,,,,,,,,,,,,,,,,,,,,,,,,,,,,,,,,,,,,,,,,,,,,,,,
16,1,0,11,7,0,,,,,,,,,0,1,1,1,,,,,,,,,,,,,,,,,,,0,,,0,,,,,,,,,0,,,,1,,,,,1,1,,,,,1,,,,,,,,,,,,,,,,,,,,,,,,,,,,,,,,,,,,,,,,,,,,,,,,,,,,,,,,,,,,
17,,0,5,1,0,1,,,,,,,,,,,,,,,,,,,0,,,,,,,,,0,,,,,,0,,,,,,,,,,,,,,0,,,,,,,,,,,,,,,,,,,,,,,,,,,,,,,,,,,,,,,,,,,,,,,,,,,,,,,,,,,,,,,,,,,,,
18,1,1,28,19,2,1,,,0,,-1,,0,1,0,1,,,,,1,,,,-1,1,1,1,,1,,,1,,,0,,,,1,0,1,1,,,,,,1,,0,,,,,1,1,,0,,1,1,,1,1,,,,,,,,,,,,,,,,,,,,,,,,,,,,,,,,,,,,,,,,,,,,,,,,,,,,,,,,,,
19,,0,4,2,1,,,,,,,,,,,,,,,,,,,,,,,,,,-1,,,,,,,,,,,,,,,,,,,,1,,,,,,,,,,,1,,,0,,,,,,,,,,,,,,,,,,,,,,,,,,,,,,,,,,,,,,,,,,,,,,,,,,,,,,,,,,
20,1,1,23,15,4,1,1,0,-1,-1,,1,0,,,1,0,,,,,,,1,,,,,,,,,,1,1,,,1,,,-1,,0,,,,,,,1,,,,,,1,1,,,,1,1,1,-1,,1,,,,,,,,,,,,,,,,,,,,,,,,,,,,,,,,,,,,,,,,,,,,,,,,,,,,,,,,,
21,,0,5,3,0,,,,,,,,,,,,,,,,,,,,,1,,,,,,,,,,,,,,1,,,,,,,,,,1,,,,,0,,,,,,0,,,,,,,,,,,,,,,,,,,,,,,,,,,,,,,,,,,,,,,,,,,,,,,,,,,,,,,,,,,,,,
22,,0,4,4,0,,,,,,1,,,,,,,,,,,,,,,,,,,,,,,1,,,1,1,,,,,,,,,,,,,,,,,,,,,,,,,,,,,,,,,,,,,,,,,,,,,,,,,,,,,,,,,,,,,,,,,,,,,,,,,,,,,,,,,,,,,
23,1,0,9,5,0,,,,0,,1,,,,0,,,,,,,,,,,,,,,,,,,1,,,,,,,,,,,,,0,,,,,,,1,,,0,,1,,,1,,,,,,,,,,,,,,,,,,,,,,,,,,,,,,,,,,,,,,,,,,,,,,,,,,,,,,,,,,,,,
24,1,0,61,52,9,1,1,1,1,1,1,1,-1,1,-1,1,-1,1,1,-1,1,1,1,1,-1,1,1,1,1,1,-1,1,1,1,-1,1,1,1,1,1,1,1,1,1,1,1,1,-1,1,1,1,1,1,1,1,1,1,1,1,1,1,1,1,1,-1,1,,,,,,,,,,,,,,,,,,,,,,,,,,,,,,,,,,,,,,,,,,,,,,,,,,,,,,,,,
25,0,0,61,33,17,1,0,1,0,1,-1,1,0,-1,-1,-1,0,1,-1,-1,1,1,0,0,0,1,-1,1,-1,1,-1,1,1,1,-1,-1,-1,1,1,1,0,1,1,1,1,1,0,1,1,1,1,1,1,1,0,0,-1,1,-1,-1,1,1,1,-1,1,-1,,,,,,,,,,,,,,,,,,,,,,,,,,,,,,,,,,,,,,,,,,,,,,,,,,,,,,,,,
26,1,0,62,39,13,1,1,1,1,0,1,1,1,-1,1,1,-1,-1,1,-1,1,1,0,1,0,1,1,1,-1,1,-1,1,0,1,1,-1,0,1,1,1,-1,1,1,-1,1,0,0,-1,0,1,1,-1,-1,1,1,1,1,1,1,-1,1,1,1,0,0,1,1,,,,,,,,,,,,,,,,,,,,,,,,,,,,,,,,,,,,,,,,,,,,,,,,,,,,,,,,
27,0,0,48,29,15,1,-1,1,1,-1,-1,1,-1,,-1,-1,1,-1,1,0,0,1,,1,0,1,1,1,-1,,-1,,,,-1,-1,-1,1,,1,-1,1,1,,1,1,,-1,1,1,1,0,1,1,1,1,-1,1,1,,,1,1,1,,,,,,,,,,,,,,,,,,,,,,,,,,,,,,,,,,,,,,,,,,,,,,,,,,,,,,,,,,,
28,,0,6,1,2,,,,,,0,,,,,,-1,,,,,,,,1,,,,,,,,,,-1,,,0,,,,,,,,,,,,,,,,,,,,,0,,,,,,,,,,,,,,,,,,,,,,,,,,,,,,,,,,,,,,,,,,,,,,,,,,,,,,,,,,,,,,,,
29,0,1,7,5,1,,,,,,,,-1,,,,,,,,,,,,,,,,,,,,,,,,,,,1,,,,,,,,,,1,,,,,,1,0,,,,,1,,,,,1,,,,,,,,,,,,,,,,,,,,,,,,,,,,,,,,,,,,,,,,,,,,,,,,,,,,,,,,
30,1,0,62,32,3,1,1,1,1,0,1,0,0,0,1,1,1,0,1,1,0,1,0,0,1,0,0,1,0,1,-1,0,1,1,1,-1,1,0,1,1,0,1,0,1,1,0,0,-1,0,1,1,0,0,1,1,0,1,1,0,0,1,1,0,0,0,0,1,,,,,,,,,,,,,,,,,,,,,,,,,,,,,,,,,,,,,,,,,,,,,,,,,,,,,,,,
31,,0,2,0,2,,,,,,,-1,,,,,,,,,,,,,,,,,,,,,,,,,,,,,,,,,,,,,,,,,,,,-1,,,,,,,,,,,,,,,,,,,,,,,,,,,,,,,,,,,,,,,,,,,,,,,,,,,,,,,,,,,,,,,,,,,
32,1,0,8,5,0,,,,,,,,,,,0,,,,,,,,,,,1,,,,,,,,1,,0,,,1,,,,,,,,,,1,,0,,,,,,,,,,,,,,1,,,,,,,,,,,,,,,,,,,,,,,,,,,,,,,,,,,,,,,,,,,,,,,,,,,,,,,,,
33,1,0,16,8,3,,,0,,,1,,,,,,,,,,1,,,1,,,,,,,,,,0,,,,,1,,,,1,,1,,,-1,,,,,0,1,,,1,,,,-1,,,,0,-1,0,,,,,,,,,,,,,,,,,,,,,,,,,,,,,,,,,,,,,,,,,,,,,,,,,,,,,,,,
34,,0,1,1,0,,,,,,,,,,,,,,,,,,,,,,,,,,,,,,,,,,,,,,,,,,,,,,,,,,,,,,,,,1,,,,,,,,,,,,,,,,,,,,,,,,,,,,,,,,,,,,,,,,,,,,,,,,,,,,,,,,,,,,,
35,0,0,47,27,16,1,1,,,0,-1,1,-1,-1,-1,-1,-1,,0,,,1,,,-1,1,-1,-1,,1,,0,-1,1,-1,1,-1,1,1,1,1,1,1,-1,1,1,,,,1,1,1,1,1,,1,1,,-1,0,1,1,,1,-1,-1,1,,,,,,,,,,,,,,,,,,,,,,,,,,,,,,,,,,,,,,,,,,,,,,,,,,,,,,,,
36,0,2,37,20,8,,,,,,,,0,,0,0,,-1,1,0,1,,,-1,,1,1,1,0,1,,,1,,1,,-1,,1,1,,,,-1,,,,,,,,,,-1,,,,1,,,1,,,,0,-1,,1,1,,1,,,0,,,,,,,,,,,,,1,,,,,0,,,,1,,,-1,,,,,,-1,0,1,1,1,,,,,,,,,,,,,,
37,,0,5,1,2,,,,,,,,,,,,,,,,,,,,,,,,,,,,,,,,,0,,1,,,,,,,,,,,,0,,,,-1,,,,,,,,,,,,,-1,,,,,,,,,,,,,,,,,,,,,,,,,,,,,,,,,,,,,,,,,,,,,,,,,,,,,,
38,0,0,49,23,19,1,1,1,1,,-1,1,-1,0,-1,-1,-1,-1,1,,-1,1,,-1,-1,1,-1,1,,1,,,,1,-1,-1,-1,0,0,1,,1,,,,0,,,1,,-1,-1,1,1,0,-1,-1,,0,-1,1,1,1,-1,0,1,1,1,1,,,,,,,,,,,,,,,,,,,,,,,,,,,,,,,,,,,,,,,,,,,,,,,,,,,,,,
39,,0,6,3,2,,,,,,-1,,,,1,,,,,,,,,,,1,,,,,,,,,,,,,,,,,,,,1,,,,,,,,,,,0,,,,,,,,,,,-1,,,,,,,,,,,,,,,,,,,,,,,,,,,,,,,,,,,,,,,,,,,,,,,,,,,,,,,
40,1,0,64,32,3,1,1,1,-1,0,0,1,1,0,1,1,1,0,0,1,0,1,1,0,0,0,1,1,0,0,1,0,1,1,1,-1,0,0,0,1,0,1,0,0,1,0,0,0,1,1,1,0,0,1,1,0,0,1,1,0,1,1,0,0,0,1,1,-1,1,,,,,,,,,,,,,,,,,,,,,,,,,,,,,,,,,,,,,,,,,,,,,,,,,,,,,,
41,,0,1,1,0,,,,,,,,,,,,,,,,,,,,,,,,,,,,,,,,,,,,,,,,,,,,,,,,,,,,,,,,,,,,,,,,1,,,,,,,,,,,,,,,,,,,,,,,,,,,,,,,,,,,,,,,,,,,,,,,,,,,,,,
42,,0,1,1,0,,,,,,,,,,,,,,,,,,,,,,,,,,,,,,,,,,,,,,,,,,,,,1,,,,,,,,,,,,,,,,,,,,,,,,,,,,,,,,,,,,,,,,,,,,,,,,,,,,,,,,,,,,,,,,,,,,,,,,,
43,1,0,15,10,3,,,,,,-1,,1,,,,,,,,,,,,1,1,1,,,,,,,1,1,,,,,,,,,,,,,,0,,,,1,,,,-1,,1,1,,,,,,,1,-1,0,,,,,,,,,,,,,,,,,,,,,,,,,,,,,,,,,,,,,,,,,,,,,,,,,,,,,,
44,0,0,12,7,3,,,1,,,,,,,,-1,,,,,,,,,,,-1,,,,,,,,1,,,,,,,1,,,,,,,,,,,1,,,,,1,,,1,,0,,,0,,1,-1,,,,,,,,,,,,,,,,,,,,,,,,,,,,,,,,,,,,,,,,,,,,,,,,,,,,,,
45,1,2,66,57,9,1,1,1,1,1,1,1,1,1,1,1,1,1,-1,1,1,1,-1,1,-1,1,1,-1,-1,1,1,1,1,1,1,1,1,1,1,1,1,1,1,1,1,1,1,-1,1,1,1,1,1,1,1,-1,1,1,1,1,1,1,1,1,1,1,1,-1,-1,1,1,,,,,,,,,,,,,,,,,,,,,,,,,,,,,,,,,,,,,,,,,,,,,,,,,,,,
46,0,0,25,12,11,1,1,1,-1,,,1,,,,-1,1,,,,1,-1,,,,,-1,,-1,,,,,,1,,1,,,,,,,,,,,0,,-1,,1,,,,-1,-1,,1,-1,0,,1,,,-1,,1,-1,,,,,,,,,,,,,,,,,,,,,,,,,,,,,,,,,,,,,,,,,,,,,,,,,,,,,,
47,1,0,66,44,5,1,1,1,1,1,0,1,0,0,0,1,-1,1,1,0,1,1,0,0,1,1,0,1,0,1,1,0,1,1,1,0,0,1,1,1,1,1,1,0,1,1,1,1,1,1,1,1,1,1,-1,1,1,1,1,0,1,1,1,0,0,-1,-1,0,-1,1,1,,,,,,,,,,,,,,,,,,,,,,,,,,,,,,,,,,,,,,,,,,,,,,,,,,,,
48,0,2,68,35,15,0,1,-1,-1,1,0,1,-1,1,0,1,1,1,0,0,0,1,1,0,-1,1,-1,-1,0,1,1,1,0,1,1,0,-1,1,-1,1,0,1,0,0,1,1,-1,1,1,-1,0,1,1,1,0,-1,1,0,1,-1,-1,0,0,1,1,1,-1,1,-1,1,1,1,1,,,,,,,,,,,,,,,,,,,,,,,,,,,,,,,,,,,,,,,,,,,,,,,,,,
49,1,1,69,51,11,1,1,1,-1,-1,0,1,1,0,1,1,1,-1,1,1,1,1,0,0,1,1,1,1,1,1,-1,1,1,1,1,-1,1,1,1,1,1,1,1,0,1,1,1,-1,-1,1,-1,-1,1,1,1,-1,1,1,1,1,1,1,1,0,0,1,1,1,1,-1,1,1,1,1,,,,,,,,,,,,,,,,,,,,,,,,,,,,,,,,,,,,,,,,,,,,,,,,,
50,0,0,31,10,9,,-1,,,0,-1,1,,,-1,0,,1,,,,0,,,,-1,1,,,,1,,,0,0,,-1,,,,,,,,-1,1,-1,,,,0,0,,1,-1,0,-1,,,,,,,0,,,1,1,1,1,0,0,0,,,,,,,,,,,,,,,,,,,,,,,,,,,,,,,,,,,,,,,,,,,,,,,,,,
51,1,0,17,9,3,1,,,,,,1,,,,,,,0,,,,,,,,,,,,,1,,,0,,0,1,-1,,,,,0,1,,,,,,,,,,,,,,,1,,,,,,,1,,-1,1,1,,-1,0,,,,,,,,,,,,,,,,,,,,,,,,,,,,,,,,,,,,,,,,,,,,,,,,,
52,1,28,98,85,6,1,1,1,1,1,1,-1,1,1,0,1,1,1,1,1,1,1,1,1,1,1,1,1,-1,1,-1,1,1,1,1,0,1,1,0,1,-1,1,1,1,1,1,1,1,1,1,1,1,1,1,1,1,1,1,1,-1,1,1,1,0,1,0,1,0,1,1,1,-1,0,1,1,1,1,1,1,1,1,1,1,1,1,1,1,1,1,1,1,1,1,1,1,1,1,1,1,1,1,1,1,,,,,,,,,,,,,,,,,,,,
53,0,0,87,49,25,1,1,1,1,1,1,1,-1,-1,1,-1,1,1,0,0,1,1,0,1,0,1,-1,-1,1,-1,-1,0,-1,1,1,-1,1,-1,-1,1,1,1,0,-1,1,-1,0,1,1,0,0,1,1,1,1,1,1,1,-1,1,-1,1,1,-1,0,-1,-1,1,1,1,1,1,1,1,1,-1,1,1,-1,-1,1,0,1,0,1,-1,1,1,0,-1,-1,-1,,,,,,,,,,,,,,,,,,,,,,,,,,,,,,,
54,0,1,88,39,36,1,1,1,-1,0,-1,1,1,-1,-1,-1,1,-1,0,0,0,-1,1,-1,-1,-1,0,1,1,0,-1,0,-1,1,-1,1,-1,1,-1,-1,1,1,1,0,0,0,-1,0,1,1,-1,1,1,-1,-1,1,1,-1,1,1,1,1,-1,-1,-1,-1,-1,-1,1,1,-1,1,1,1,1,-1,1,1,1,-1,1,1,1,-1,0,-1,0,1,-1,-1,-1,-1,1,,,,,,,,,,,,,,,,,,,,,,,,,,,,,,
55,0,0,13,9,4,,,,,,,,-1,,,,,,,,,,,,,,,,,,,,,,,,,,,,,,,,,,,,,,,,,,,,,,,,,1,1,,,,,1,,,,,1,,,,-1,1,,,-1,,,1,,1,,1,,,1,-1,,,,,,,,,,,,,,,,,,,,,,,,,,,,,,,
56,1,0,19,12,1,,,,,,,,,,,,,1,,,,,,,,,,,,,,,,,0,,,,,,,,,,,,1,,,,,,,,,,,1,,,,,,,,,,,,,,,1,,1,0,1,1,0,-1,1,,,,0,0,,1,1,1,0,,1,,,,,,,,,,,,,,,,,,,,,,,,,,,,,,
57,0,0,18,8,2,,,1,,,,,,,-1,,,,,,,,,,,,0,,,,,,,,,,,,,,,,,,1,,,,,,,,,,,,,,,,,,,,,,,,,,1,,,,1,0,,,0,0,1,0,0,1,,0,,1,,1,0,-1,,,,,,,,,,,,,,,,,,,,,,,,,,,,,,,
58,1,0,98,75,7,1,1,1,1,0,1,1,1,1,0,1,1,1,0,1,1,1,0,1,1,1,1,1,-1,1,1,1,1,1,1,-1,1,1,0,1,-1,1,1,1,1,1,1,0,1,1,0,0,1,1,1,0,1,1,1,1,1,1,1,0,0,1,1,0,-1,1,-1,1,1,0,1,1,1,0,1,1,1,1,1,1,1,1,1,1,1,1,1,0,-1,1,1,-1,1,0,1,1,1,1,1,,,,,,,,,,,,,,,,,,,,
59,,0,2,1,1,,,,,,,,,,,,,,,,,,,,,,,,,,,,,,,,,,,,,,,,,,,,,,,,,,,,,,,,,,,,,,,,,,,,,,,,,,,,,,,,,,,1,,,,-1,,,,,,,,,,,,,,,,,,,,,,,,,,,,,,,
60,0,1,99,53,18,1,1,1,-1,-1,0,1,0,1,-1,0,1,-1,1,1,1,1,-1,-1,0,1,1,1,0,1,0,1,0,0,-1,0,0,0,-1,1,0,1,1,1,1,0,0,-1,0,1,1,0,1,1,1,0,0,1,1,-1,1,1,1,0,0,0,1,0,-1,0,1,0,1,1,1,0,-1,1,-1,1,1,1,1,1,0,-1,1,1,1,0,0,-1,-1,1,1,1,1,-1,1,-1,1,1,1,1,,,,,,,,,,,,,,,,,,,
61,0,0,77,20,18,1,1,,0,1,0,,,,0,-1,0,0,,1,,-1,,,,1,0,,,0,-1,,0,,1,,0,-1,0,,,,,0,-1,0,0,0,1,-1,,0,1,1,-1,-1,0,0,,-1,0,1,0,0,,-1,0,,0,1,0,1,1,0,0,0,0,1,0,1,0,0,0,0,0,-1,1,1,-1,-1,0,-1,-1,1,-1,-1,0,-1,1,1,0,0,0,0,,,,,,,,,,,,,,,,,,,
62,0,0,24,14,6,,,,,1,,,,,,1,,1,,,1,,,,,,,,,,,,,,,,-1,,1,,,,1,,,,-1,,,,,,,,,,,,,,,,,,,,1,,,,,,1,,1,0,,,,,1,,,,,-1,,,0,,,,1,1,1,-1,0,-1,,-1,,1,0,,,,,,,,,,,,,,,,,,,,
63,1,0,60,35,2,1,,,,1,1,1,,1,1,1,,1,,,,,0,1,,1,1,1,,1,0,,,0,1,,0,,0,,1,1,,,1,1,1,,,1,0,1,1,,,,0,1,,,,,,,,-1,1,,1,,0,,,,1,,0,1,0,0,1,0,1,0,,1,0,1,0,1,0,0,1,1,0,-1,,0,0,1,0,0,,0,,,,,,,,,,,,,,,,,,,
64,1,0,99,84,13,1,1,1,1,1,1,1,1,1,1,1,1,1,1,1,1,1,1,-1,1,1,1,1,-1,-1,1,1,-1,1,-1,-1,1,1,1,-1,1,1,1,1,1,1,1,-1,1,1,1,1,1,1,1,1,1,1,1,1,1,1,1,-1,1,1,1,1,1,1,1,1,1,1,1,1,1,1,1,1,1,1,1,1,1,1,1,1,1,1,-1,-1,0,1,1,-1,1,0,1,1,-1,1,1,1,,,,,,,,,,,,,,,,,,,
65,0,1,27,18,5,,,,,,,,,,,,-1,,,,0,,,,,,,,,,,,,,,,-1,,,,,,,,,,,,,,1,,1,,,1,-1,,,,1,,,,,,,-1,,,,,,,,,,,0,0,,1,1,1,,,1,1,1,0,,,,1,1,1,1,,,-1,1,1,,1,1,,,,,,,,,,,,,,,,,,
66,0,1,101,27,4,1,1,0,1,0,0,0,0,0,0,0,0,0,1,1,0,0,0,0,0,1,0,1,0,1,0,1,0,0,0,-1,1,0,0,1,0,1,0,0,1,0,0,0,0,1,0,0,1,0,0,-1,0,1,0,0,0,0,0,0,0,0,0,1,0,0,0,0,0,0,1,0,1,0,0,0,1,0,0,1,0,1,1,1,0,0,-1,0,0,1,1,-1,0,0,0,0,0,0,0,0,0,1,,,,,,,,,,,,,,,,,
67,,0,6,6,0,,,1,,,,,,,,,,,,,,1,,,,,,,,,,,,,,,,,,,,,,,,,,,,,,,,,,,,,,,,,,,,,,,,,,,,1,,,1,,,,,,,,,,,,,1,,,,,,,,,,,,,,,,1,,,,,,,,,,,,,,,,,
68,1,1,92,49,18,1,1,1,-1,-1,1,,-1,0,0,1,1,1,,-1,0,1,,-1,-1,0,1,-1,,1,1,0,0,1,-1,-1,1,,-1,1,-1,-1,1,0,1,,0,0,1,1,0,0,-1,1,0,0,0,0,0,,1,1,0,0,0,1,1,1,,1,-1,0,1,1,1,-1,-1,1,,0,1,1,1,1,1,0,1,1,0,1,-1,0,1,1,1,1,1,1,1,0,1,1,1,,1,-1,1,,,,,,,,,,,,,,,,
69,,0,4,2,2,,,,-1,,,,,,,,,,,,,,,,,,,,,,,,,,,,,,,,,,,,,,,,,,,,,,,,,,,,,,,,,-1,,,,,,1,,,,,,,,,,,,,,,,,,,,,,,,,,,,,,,,1,,,,,,,,,,,,,,,,,,,
70,0,0,22,7,12,,,,,-1,-1,,,,,,-1,,,,1,,,,,,,,,,,,0,,,,,,,,,,,,,,,,,-1,,,1,1,,0,,1,,,,,-1,,,,,,,,,,-1,,,,-1,,,,,,-1,,,,1,,,-1,,,-1,-1,,-1,1,,1,,,,,0,,,,,,,,,,,,,,,,,,,
71,0,1,103,50,45,1,1,1,-1,-1,1,1,-1,1,-1,-1,-1,-1,1,-1,0,1,1,-1,-1,-1,-1,1,1,-1,-1,1,1,1,-1,1,1,1,-1,1,1,1,1,1,1,1,-1,-1,1,1,1,-1,-1,1,1,1,-1,1,0,-1,1,1,1,0,0,-1,-1,1,-1,-1,0,1,1,-1,-1,0,1,-1,-1,-1,1,-1,1,-1,1,-1,1,-1,1,-1,-1,-1,1,1,-1,0,1,-1,-1,-1,0,-1,-1,1,-1,1,1,1,,,,,,,,,,,,,,,
72,1,0,63,37,11,1,,1,-1,1,,0,1,,1,0,0,0,1,,1,1,,,,,-1,0,,1,,,1,,-1,,,,0,,,,,,1,0,,,,1,,,-1,,0,,,,,,1,,1,,,1,1,-1,,1,1,-1,1,1,1,,0,1,1,1,1,1,1,1,,1,1,1,,-1,0,,1,1,-1,-1,,-1,0,-1,0,1,0,0,0,1,1,1,,,,,,,,,,,,,,,
73,0,1,104,71,17,1,1,1,-1,1,-1,1,1,1,-1,1,1,1,1,-1,1,1,0,1,-1,1,0,1,1,1,1,1,1,1,0,1,-1,1,0,1,1,-1,1,1,1,1,-1,0,1,1,1,1,1,1,1,1,1,1,1,0,-1,1,1,0,0,-1,0,1,1,1,1,1,1,0,1,-1,-1,1,1,1,1,1,1,1,0,1,1,1,1,0,1,0,1,1,1,0,1,0,1,-1,-1,1,0,-1,-1,-1,1,1,1,,,,,,,,,,,,,,
74,,0,1,0,0,,,,,,,,,,,,,,,,,,,,,,,,,,,,,,,,,,,,,,,,,,,,,,,,,,,,,,,,,,,,,,,,,,,,,,0,,,,,,,,,,,,,,,,,,,,,,,,,,,,,,,,,,,,,,,,,,,,,,,,
75,1,0,14,10,3,,1,,,,,,,,,,,,,,,,,,,,,,,,,,,,,,,,,,,,,,,,,,,1,,,,,,,,,,,,,,,,,,,,,,,,,0,,,1,,,,,,,,1,,,1,,,,,,-1,,,,1,,,,1,,1,-1,1,-1,1,,,,,,,,,,,,,,
76,1,0,17,15,1,,,,1,,,,,1,,1,,,,,,,,,,,,1,,1,,,,1,,,,,,,,,,,,,,,,,,,,,,,,,,,,,,,,,1,,,,,,,,,,1,,,,,,,,,,1,1,1,0,1,,,,,,,,,,,,,,,1,-1,1,1,,,,,,,,,,,,,,
77,,0,6,0,0,,,,,,,,,,,,,,,,,,,,,,,,,,,,,,,,,,0,,,,,,,,,,,,,,,,,,,,,,,,,,,,,,0,,,,,,,,,,,,,,,0,,,,,,,,,,,,,,,,,,0,,,,0,,,0,,,,,,,,,,,,,,
78,1,0,32,17,5,,,1,,,,,1,,,1,,,,,1,,,,,,1,0,,,,1,,,1,,,,,,,,,,,,,,,1,,,,,,,,,,,,,,,,,0,,,1,,-1,0,,,,,1,0,,,,0,,0,,,1,1,-1,,,-1,0,1,,-1,,1,,,0,0,1,1,0,1,-1,,,,,,,,,,,,,,,
79,0,1,105,81,21,1,1,1,-1,1,-1,1,-1,-1,-1,1,1,-1,1,1,1,1,-1,-1,-1,1,1,1,1,1,-1,1,-1,1,1,1,-1,1,1,1,1,1,1,1,1,1,1,1,1,1,1,1,1,-1,1,1,1,1,1,1,1,1,1,-1,0,1,-1,1,1,1,1,1,1,1,1,1,-1,1,1,1,1,-1,1,-1,1,1,1,1,1,1,1,-1,1,1,-1,0,1,0,1,1,1,1,1,1,1,-1,1,1,1,1,,,,,,,,,,,,,
80,,0,3,2,0,,,,,,,,,,,,,,,,,,,,,,,,,,,,,,,,,,,,,,,,,,,,,1,,,,,,,,,,,,,,,,,,,,,,,,,,,,,,,,,,,,,,,,,,,,,,,0,,,,,,,,,,1,,,,,,,,,,,,,,,,
81,1,1,55,47,8,,1,,,1,1,,,,,1,,1,,,,,,,,1,1,1,,,,,,,,,-1,1,,1,1,1,,,,,1,,,,,1,1,1,1,,,,,,1,1,,,,,1,1,1,1,1,,,,1,1,1,1,1,1,-1,,,1,1,-1,1,1,,,,,1,-1,1,-1,1,,1,1,1,-1,1,1,1,1,-1,-1,1,1,1,,,,,,,,,,,,
82,,0,3,1,2,,,,,,,,,,,,,,,,,,,,,,,,,,,,,,,,,,,,,,,,,,,,,,,,,,,,,,,,,,,,,,,,,,,,,,,,,1,,,,,,,,,,,,,,,,,,,,,,,,,,,-1,,,,,-1,,,,,,,,,,,,,
83,0,1,28,17,10,1,,,,,,,1,,,1,,,,,,,,,,,1,,,1,,,,,,,0,,,,,,,,,,,,,,,1,,,,,,,-1,-1,1,,,,,,,,,1,,,1,,,1,,1,,,,-1,,,,,,,,-1,,,,,-1,,1,,,-1,,,1,,-1,1,1,-1,-1,-1,1,1,,,,,,,,,,,
84,0,0,66,40,16,,,1,,1,,1,,,-1,1,-1,0,-1,0,,1,,,,-1,1,,,1,,1,1,,-1,,-1,,,1,1,1,,0,1,,,,1,1,1,1,,1,,,-1,1,,,0,1,,0,,0,1,1,,1,1,,1,-1,1,-1,1,0,1,1,,,1,1,,0,1,1,,,,,,-1,1,,1,-1,1,-1,,1,,0,-1,1,-1,1,1,-1,-1,0,,,,,,,,,,,
85,0,1,108,53,16,1,0,1,-1,1,0,1,0,0,-1,1,-1,0,1,0,0,1,0,0,1,0,-1,1,1,1,0,0,1,1,1,-1,-1,1,0,1,0,1,1,0,1,0,0,0,1,1,0,0,1,1,1,0,0,1,0,0,1,1,0,0,0,0,1,1,-1,1,0,-1,1,1,1,1,1,1,1,1,0,-1,1,1,0,1,1,1,1,1,-1,0,0,-1,1,-1,1,-1,1,1,1,0,0,0,-1,0,-1,0,-1,0,1,1,1,,,,,,,,,,
86,0,0,18,1,0,,,,,,,,,,,0,0,,,,,,,,,,,,,,,,,,,,,,,0,,,,,0,,,0,,,,,,,,,,,,,0,,0,,,,,,,,,0,,,0,,,,,,,,,,,,,,0,,,,,,,,,,,,0,,,,0,1,,,0,0,0,0,0,,,,,,,,,,
87,1,0,19,13,5,,,,,,,,,,,,,,,,,,,,,,,1,,,1,,,,,,,,,,,,,,,,,,,,,,,,0,,1,,,,1,,,,,,,1,-1,,,-1,,,,,,,,,,,,,,1,,,1,-1,-1,,,,,,1,,,,,,,,,,1,1,1,-1,1,,1,,,,,,,,,,
88,0,0,24,8,16,,,,,,-1,,,,,-1,-1,,,,,-1,,,,,,,-1,,,,,1,1,-1,-1,,-1,,,,,,,,,,,,,,,,,,,,,,,,,,,1,,,-1,,,1,,,,,1,,,,-1,,,-1,,,,,,,,,-1,-1,,,,-1,,,,,,,,,1,,,-1,1,-1,1,,,,,,,,,,
89,1,0,40,25,9,,,,,,,,1,,,,,,,,,1,,1,1,1,1,,0,1,-1,1,,,,,-1,,,,0,,,,,,0,,,1,,0,-1,1,,,,1,,,,1,,,,0,,,,,1,,,,1,1,0,,1,,,1,,,,,1,,,-1,-1,,,,,,,,-1,-1,,,,,-1,1,-1,1,1,1,1,1,1,,,,,,,,,,
90,0,0,56,38,10,1,1,,0,1,-1,,1,,,1,,,,1,-1,,,,,,-1,1,,1,1,,1,1,,,-1,,,1,1,-1,1,,1,,,,,1,0,,1,1,,,-1,1,,,1,,,,,,1,,,,,1,1,1,,,,-1,,1,1,,1,1,,0,,1,1,1,,,0,1,-1,,1,,1,-1,,-1,,,,0,1,0,0,1,1,1,0,,,,,,,,,,
91,0,0,108,65,21,1,1,1,-1,0,-1,1,1,1,-1,1,1,1,1,1,1,-1,0,1,0,1,0,1,1,1,1,1,1,1,-1,0,0,0,1,1,1,0,1,-1,1,0,-1,1,1,0,1,1,1,0,1,-1,-1,1,1,1,1,1,0,1,0,0,1,0,-1,0,1,1,1,1,1,1,0,-1,1,1,1,1,1,0,1,0,1,1,1,0,-1,-1,-1,1,-1,-1,1,0,1,-1,1,1,1,-1,0,1,1,-1,-1,-1,1,1,1,,,,,,,,,,
92,,0,6,3,1,,,,,,,,,,,,,,,,,,,,,,,,-1,,,,,,,,,,,1,,,,,1,,,,,,,,,,,,0,,,,,,,,,,,,,,,,,,,,,,,,,,,,,,,,,,,,0,,,,,,,,,,,,,,1,,,,,,,,,,,,,,,,
93,1,1,109,61,12,1,1,1,1,1,0,1,1,-1,1,0,1,1,0,0,1,1,1,1,0,1,0,0,0,1,-1,1,0,1,1,-1,1,1,0,1,-1,1,1,1,1,1,0,-1,1,1,1,0,-1,1,0,1,0,1,0,1,1,1,1,0,0,-1,1,0,-1,1,0,1,1,0,1,0,-1,1,0,1,1,1,1,0,0,1,0,1,1,0,1,0,-1,1,-1,0,1,-1,1,0,0,1,0,1,0,1,0,0,1,0,1,0,1,1,,,,,,,,,
94,,0,2,2,0,1,,,,,,,,,,,,,,,,,,,,,,,,,,,,,,,,,,,,,,,,,,,,,,,,,,,,,,,,,,,,,,,,,,,,,,,,,,,,,,,,,1,,,,,,,,,,,,,,,,,,,,,,,,,,,,,,,,,,,,
95,0,0,58,12,43,-1,,-1,-1,,-1,,-1,,-1,-1,-1,,,,,-1,-1,,1,,-1,,1,-1,,,,-1,-1,,-1,1,-1,,1,1,-1,,-1,,,,-1,-1,,,,-1,,-1,-1,-1,,,,,-1,,0,-1,-1,,-1,-1,,1,,,-1,0,,1,1,,,-1,,1,,-1,-1,1,0,-1,-1,,,-1,,,,,,-1,,-1,1,,,-1,,,1,,-1,-1,-1,-1,,,,,,,,,
96,0,0,15,7,3,,,,,,,,,,,1,,,,,,,,,,,,,,,,,,1,-1,,-1,1,,,,,,,,,,,,,,,,,,,,,,,0,,,,,,,,,,,,1,,,,,,,,1,1,,,,,,,,,,,,0,,,,,,,,0,,,,,,,,-1,,0,0,1,,,,,,,,,
97,0,0,13,1,7,,,-1,,,,0,,,,-1,,,,,,,,,,,,,,,,,,,,,,,,,,,,,,,,,,,,,,0,,,,,,,,,,,,-1,,,-1,,,,,,,,,,,,,,1,,0,,,,,,-1,,,,,,,,0,,,0,,,,,,,,,-1,,-1,,,,,,,,,,
98,1,1,31,20,10,,1,1,,-1,1,,,,,1,,,,,,,,,,,,,,,,,,1,,-1,,1,,1,,,,,,,,,,1,,,1,,,,,,1,-1,,1,,,,,1,1,-1,,0,,-1,,1,,,,,,,,,,,,,1,,,,,1,,,,,,,-1,,,,,,-1,1,-1,,-1,-1,,1,1,1,,,,,,,,
99,0,1,18,9,2,,,,0,,-1,,,,,,,,,,,1,,-1,,0,,,,,,,0,,1,,,,,,1,,,,,,,,,,,,,,,,,,,,,,,,,,,,,1,,,,,,,,,,,,0,0,,,,,,,,,,,,,,,,,,,,,,,,1,,,,0,1,0,1,1,1,,,,,,,
100,0,0,41,13,5,,,,-1,,1,1,,0,0,0,0,,,,,,,,,,0,0,,,,,,,0,,,0,,,,,,,,,-1,,,1,0,0,,,,,0,1,,,,,1,0,,,,,-1,,,-1,-1,,,,0,0,0,,,0,,,0,,1,1,0,0,0,,,0,1,,1,,1,0,,,,,,,1,,,,1,,,1,0,,,,,,,,
101,0,0,31,18,9,,,1,-1,,-1,1,,,,,,-1,,,,,,,,,,,,-1,,,,1,,,-1,0,,,-1,,1,,,,,,,,,0,,,,,,1,,,,,,,,,1,,,1,-1,,,,1,,,,-1,,-1,1,,,0,,,,,,1,,0,1,,,,,,,,1,,,,,1,1,1,,1,,,1,1,,,,,,,,
102,,0,3,1,2,,,,,,,,,,,,,,,,,,,,,,,,,,,,,,,,,,,,,,,,,,,,,,,1,,,,,,,,,,,,,,,,,,,,,,,,,,,-1,,,,,,,,,,,-1,,,,,,,,,,,,,,,,,,,,,,,,,,,,,,,,,
103,0,1,32,15,12,,,,-1,,,,,,,,-1,1,,,1,,,0,,,,,,,-1,-1,,1,,,,,,,,,,,,,,-1,,,,,-1,1,,,,1,,1,,0,,,,,1,-1,0,1,,1,,-1,,,,,,,,,,,,-1,,1,1,,,,,,-1,,,,,0,,,,,-1,,,,,,0,-1,,1,1,1,1,,,,,,
104,,0,6,5,1,,,,,,,,,,,,,,,,,,,,,,,,,,,,,,,,,,,,,,,,,,,,1,,,,,,,,,,,,,,,,,,,,,,,,,,,,,,,,,,,,,,,,,,,,,,,,,,,,,,,,,,,,,-1,,,1,,1,1,1,,,,,,
105,0,0,26,9,3,,,,,-1,0,,,,,0,1,0,,,,,,,,0,,,,,,,,,0,,1,0,,0,,1,,,,,,,,,,,,0,,,-1,,,,0,,,,,,,,0,,,,0,,,,,,,,0,,,1,,1,,,,,,,,1,-1,,,,,,,,,,0,,,,,,,,1,1,0,,1,,,,,,
106,1,0,26,21,3,,,,,,,,,,,,,,,,1,1,,,,0,1,1,,,,,,,,,,,,,-1,,,,,,1,,,1,,,,1,,,1,,,,,,,,,,1,,,1,,-1,1,1,,1,,,,,,,,,1,,,,,1,1,,,,,,,,,,,,-1,,,,,,,1,,1,1,1,,0,1,,,,,,
107,0,0,24,18,5,,,,-1,,-1,,1,,,,,,,,,1,,,,,,,,-1,,,,0,,,,1,,1,1,,,,,,,,,,,,,,,,,1,1,,,,,,1,,,1,,,,,1,1,,,,,,,-1,,,,,1,,,,1,,,,,1,,,,,,,,,,,,,,,,,-1,1,1,1,,1,,,,,,
108,1,1,113,95,6,0,1,1,1,0,1,1,1,1,1,0,1,1,1,1,1,1,1,1,1,-1,1,1,-1,1,1,1,1,1,1,1,1,1,1,1,1,1,1,1,1,1,1,1,1,1,1,1,1,1,1,1,1,0,1,1,1,1,1,0,0,1,1,1,1,1,0,1,1,1,1,1,1,1,1,1,1,1,1,-1,0,1,1,1,0,1,1,1,1,1,1,-1,1,0,-1,1,0,1,1,1,1,1,1,1,0,1,1,1,1,-1,1,1,1,1,,,,,
109,1,0,59,52,7,1,,,1,,,1,1,1,,,,,,,,1,1,,,1,1,1,-1,1,1,,,,,-1,1,,,,1,,1,,,1,1,,1,1,,,1,1,1,,1,1,,1,1,1,1,,,1,1,,-1,1,,1,,,1,1,,,,,,,1,,,1,,,,1,-1,,1,1,1,-1,,,1,1,,1,,1,,-1,1,-1,1,,1,,1,1,1,1,1,,,,,,
110,,0,6,3,2,,-1,,,,,,,,,,,,,,,,,,,,,,,,,,,,,,,,,,,,,,,,,,,,,,,,,,,,,,,,,,,,,,,-1,,,,,,,,,,,,,,,,,,1,,,,,,,,,,,,,,,,,,,,,0,1,,,,,1,,,,,,,,
111,0,1,9,7,1,1,,,,,,,,,,,,,,,,,,,,1,,,,,,,,,,,,,,,,,,,,,,,,,,,1,,,,0,,,,,1,,,,,,,,,,,1,,,,,,,,,,,,,,,,,,,,,,,,,,,-1,,,,,,,,,1,,,,,,,,,,1,,,,
112,0,0,33,22,6,,1,,,,-1,1,1,,,,-1,1,,,,1,,,,,,,,1,1,,,,,1,-1,,,,1,,1,,,,-1,,,,,0,1,,,,,,,-1,,,,,,,,,,1,,,,,,,,,,0,,,,-1,,1,,1,,,,,,,,1,1,,,1,,,,,,,0,,,,,1,0,1,1,,1,1,0,,,,
113,0,0,11,3,7,,,,,,-1,,,,,,,,,,,,,,,,,1,,,,,,,,-1,,,,,0,,,,,,,,,,,,,,,,,,,,-1,,,,,,,,-1,,,,,,,,,,,,,,,,,,,,,,,,,,,,,,,,,,,,,,,-1,,,,,1,,,-1,-1,1,,,,,
114,1,0,8,2,0,,,,,,,,,,,,,,,,,,,,,,,,,,,,,,,,,,,,,,,,,,,,0,,,,0,,,,,,,,,,,,,,,,,,,0,0,,,,,,,,,,,,,,1,,,,,,,,,,,,,,,,,,,,,,,0,,,,,1,,,,0,,,,
115,,0,1,0,1,,,,,,,,,,,,,,,,,,,,,,,,,,,,,,,,,,,,,,,,,,,,,,,,,,,,,,,,,,,,,,,,,,,,,,,,,,,,,,,,,,,,,,,,,,,,,,,,,-1,,,,,,,,,,,,,,,,,,,,,
116,0,0,18,10,5,,,,,,-1,,,,,,,,,,,1,,,,,,,,,,,,,1,,-1,,,,,,,0,1,,,,,,,,0,,,,-1,1,,,,,,,,1,,,,,,,,-1,,,,,,,-1,,,,,,,,,,,,,,,,,,,,,0,,,,,,,1,,,,,,1,1,1,1,,,,,
117,,0,4,3,1,,,,,,,1,,,,,,,,,,,,,,,,,,,,,,,,,,,,,,,,,,,,,,,,,,,,,,,,,,,,,,-1,,,,,,,,,,1,,,,,,,,,,,,,,,,,,,,,,,,,,,,,,,,,,,,,,,,,,1,,,,,
118,1,0,114,78,29,1,-1,1,-1,-1,1,1,1,0,1,1,-1,-1,1,1,1,1,1,1,1,1,1,1,-1,-1,-1,1,1,-1,-1,-1,1,1,0,0,-1,1,1,1,1,-1,1,-1,1,1,-1,1,1,1,1,-1,1,1,1,-1,1,1,1,-1,0,1,1,-1,-1,1,1,1,1,-1,1,1,1,1,1,1,1,1,1,1,0,1,1,1,1,1,-1,-1,1,1,1,1,1,-1,1,-1,1,1,1,-1,-1,-1,1,0,1,-1,1,1,1,1,1,1,0,1,1,,,,
119,0,0,31,18,5,,1,,,1,,,1,,,1,-1,-1,,,,,,,,,-1,,,1,,,,,1,0,1,,,,,1,,,1,,,,,,,,,,,,,,,,,0,,,,,,,,,,1,,,0,,,,0,,0,,,,,-1,,,0,0,,,,,,,1,,,-1,,,,,,0,,,,,,,1,1,1,1,1,1,1,,,,
120,,0,1,1,0,,,,,,,,,,,,,,,,,,,,,,,,,,,,,,,,,,,,,,,,,,,,,,,,,,,,,,,,,,,,,1,,,,,,,,,,,,,,,,,,,,,,,,,,,,,,,,,,,,,,,,,,,,,,,,,,,,,,,,,
121,1,0,7,5,0,,,,,1,,,,,,,,,,,,,,,,,,,,,0,,0,,,,,,,,,,,,,,,,,,,,,,,,,,,,,,,,,,1,,,,,,,,1,,,,,,,,,,,,,,,,,,,,,,,,,,,,,,,,,,,,,,,,,,1,1,,,,,
122,,1,2,2,0,,,,,,,,,,,,,,,,,,,,,,,,,,,,,,,,,,,,,,,,,,,,,,,,,,,,,,,,,,,,,,,,,,,,,,,,,,,,,,,,,,,,,,,,,,,,,,,,,,,,,,,,,,,,,,,,1,,,1,,,
123,,0,6,4,1,,,,,,,,,,,,,,,,,,,1,0,,,,,,,,,,,,,,,,,,,,,,,,,,,,,,,,,,,,,,,,,,,,,,,,,,,,,,,,,-1,,,,,,1,,,,,,,,,,,,,,,,1,,,,,,,,,,,,,,1,,,,,
124,1,0,23,14,6,1,,,,-1,,,,,-1,1,,,,,,,,,,,,,,,-1,,0,,,,,,1,,-1,,,,,,,,1,,,,-1,,,0,1,,,,1,,,,,,-1,,,1,,,,,,,,,,0,,1,,,,,,,,,,,,,,,,,,,,,,,,,,,,,,1,,1,,1,1,1,1,,,,
125,1,0,14,10,2,,,,,,,,,,,,-1,,,,,,,,,,1,,,,-1,,,,1,,,,,,,,,,,,,,,,,,,,1,,,,,,,,,,,,,,,,1,,,,,,,,0,,,,,,,,1,,,,,,,,1,,,,,,,,,,,,,,,0,,,,,,1,,1,1,1,,,
126,0,0,13,6,4,,,,,,0,,,,,,,,,,,,,,-1,,,,,,,,,,,,,,,,1,1,,,,,,,,,,,,,,,,,-1,,,,,,,,,,,,,,,,,,,,,,,,,-1,,,,,,,,,,,1,0,0,,,,,-1,,,,,,,,,,,,,,,,1,1,1,,,
127,0,0,7,5,2,,,,1,,,,,1,,,,,,,,,,,,,,,,,,,,,,,-1,,,,,,,,,,,,,,,,,,,,,,,,,,,,,,,,,1,,,,,,-1,,,,,,,,,,,,,,,,,,,,,,,,,,,1,,,,,,,,,,,,,,,1,,,,,
128,,0,4,1,1,,,,,,,,,,,,,,,,,,,,,,,,,1,,,,,,,,,,,,,,,,,,,,,,,,0,,,,,,,,,,,,,-1,,,,,,,,,,,,,,,,,,,,,,,,,,,,,,,,,,,,,,,,0,,,,,,,,,,,,,,,,
129,1,0,34,31,1,,,1,,1,,,1,,,1,1,,,,,1,,,,,,,,1,,,,,,-1,1,,,,0,,,,,,,,,,,,1,,,1,,1,,,,1,,,,,1,1,,,,,,,,,,,1,1,1,1,,1,,,1,1,,1,,,,,1,,1,,,1,,,,0,,,,,1,,,1,,1,,,1,1,,1,,,
130,0,0,18,15,3,,,,-1,,,,,,,,,1,,,,1,,,,,,,,,,,,,,,,,,,1,1,,,,,,,,,,,,,,,1,1,,1,1,,,,,,,,,,,,1,,,,,1,,,1,,,,,,,,,-1,,,,,,,,,,,,,,,-1,,1,,,,,,,,,,,1,1,1,,,
131,,0,6,4,0,,0,,,,,,,,,,,,,,,,,,,,,,,,,,,,,,,,,,,,,,,,,,,,,,,,,,,1,1,,,,,,,,,,,,,,,,,,,,,,,,,,,,,,,,,,,,,,,,,,,,,,,,,,,,,,,,,,,1,0,1,,,
132,1,0,8,3,1,,,,,,,,,,,,,,,0,,,,,,,,,,1,,,,,,,0,,,,,,,,,,,,,,,,1,,,,,,,,,,,,,,,,0,,,,,,,,,,,,,,,,,,,,,,,,,,,,,,,,,,,,,,,-1,,,,,,,,0,,,,1,,,
133,1,0,23,16,0,,,,,,,,,,,,,,1,,,,,1,,,,,,,1,,,,1,,1,,,,,,,,,,,,1,,,,,,,1,,,0,,,,,,,,1,,,1,,0,,,1,,,,,,,,1,0,,1,1,,,,0,,,,1,,,,,,,,1,,,,,,,,0,,,1,,,,,0,0,,,
134,1,0,30,25,5,,,1,,,1,,,,1,,,,,,,,,,,1,1,,-1,1,,1,,,,,,,,1,,,,,,1,,,1,,,,,1,1,1,,,,,,,1,,,1,1,,,1,,,,,,,-1,,,,,,1,,,,,,,,,,,,1,,,,,1,,,,,,,,,1,-1,1,-1,,,1,,1,-1,,1,,,
135,,0,1,1,0,,,,,,,,,,,,1,,,,,,,,,,,,,,,,,,,,,,,,,,,,,,,,,,,,,,,,,,,,,,,,,,,,,,,,,,,,,,,,,,,,,,,,,,,,,,,,,,,,,,,,,,,,,,,,,,,,,,,,,,
136,0,0,20,10,5,,,,,1,,1,-1,,-1,,-1,,,,,,,,,,,,,,,,1,,,,0,,,,1,,,,,,,,,,,,,,,,-1,,,,,,0,,,,,,,1,,,,,,0,,0,,,1,,,,,-1,,1,,,,,,,,,,,,,,,,,,,,,,,,,,,,1,1,,1,0,,,
137,1,0,26,17,1,1,,,,,,1,1,,0,,,0,,,,,,,-1,,,,,1,,0,,,1,,,,,,,,,,1,,,,,,,,0,,,,1,1,,,0,,,,,0,,,,1,,,0,,,,0,,,,,,,,,,,,,,,,,,1,,,,,,,1,1,,,,,,,,,,1,1,,,1,1,,1,,,
138,,0,4,4,0,,,,,,,,,,,,,,,,,,,,,,,,,1,,,,,,,,,1,,1,,,,,,,,,,,,,,,,,,,,,,,,,,,,,,,,,,,,,,,,,,,,,,,,,,,,,,,,,,,,,,,,,,,,,,,,,,,,,,,,,1,
139,,0,4,2,1,,,,,1,,,,,,,,,,,,,,,,,,,,,,,,1,,,,,,,,,,,,,,,,,,,,,,,0,,,,,,,,,,,,,,,,,,,,,,,,,,,,,,,,,,,,,,,,,,,,,,,,,,,,,-1,,,,,,,,,,,,,
140,0,0,26,15,3,,,,,,-1,,,,,,0,1,,,,,,,,,1,,,,,,,1,,,,,,,,,,,,,0,,1,,,0,1,,0,,1,,0,,,,,,,,1,,,,,,1,,-1,,,,,,,,,,,-1,1,,,,,,,0,0,,,,1,,,,1,,,,,0,,,,,,1,1,,,1,,1,,,
141,0,0,25,14,2,,,,,,,,,,,0,,,,,,,,,,,,1,,1,,,,,,,-1,,,1,1,,,,,,,,,,,1,0,,,,,,,-1,,,,,,,,,0,,,,,,0,,,,,,,,,,,1,,1,,,,,,0,,1,,,,,1,,0,,,,,,,,,,1,0,1,1,0,1,0,1,,,
142,,0,2,2,0,,,,,,,,1,,,,,,,,,,,,,,,,,,,,,,,,,,,,,,,,,,,,,,,,,,,,,,,,,,,,,,,,,,,,,,,,,,,,,,,,,,,,,,,,,,,,,,,1,,,,,,,,,,,,,,,,,,,,,,,
143,0,0,25,13,6,,,,1,0,,,-1,,,,-1,,,,,,,,,1,-1,,,,,,,,1,,-1,,,1,0,,0,,,1,,,,1,,,,,,,,1,,,,,,,,,,,,1,,,,,,,,,,,,,,0,,,,,,,1,,,,,,1,,,-1,,0,-1,,,,,,,,,,1,1,,,,0,1,,,,
144,1,2,29,19,1,,,,,,1,,,,0,,,0,,,,1,,0,,,1,,,,,,1,,0,,,,,1,,1,,,,,,,,1,,,,,,,,1,,,,,,,,0,1,,1,1,,,,1,,-1,,,,,,,,,,,,,,,,,0,,,,,,1,0,,,,,,,,,,,,0,,1,1,,,0,1,1,1,1,
145,1,0,12,7,2,1,-1,,,,,,,,,,,,,,,1,,,,,,,,,,,,,,,1,,,,,,,,1,,,0,,,,0,,,,,0,,,,,,1,,,,1,,1,,,,,,,,,,,,,,,,,,,,,,,,,,,,,,,,,,,,,,,,,,,,,,,,,,,,,-1,
146,1,0,11,9,2,,,,,,,,,1,,,,,,,,1,,,-1,,,,,,,,,,,,,,,,,,,,,,,,,,,,,,,,,,,,,,1,,,,1,,,,,,,,,1,,1,,,,,,,,,,,,1,,,-1,,,,,,,,,,,,,,,,,,,,,,,,,,,,1,1,
147,1,0,10,8,0,,,,,,,,,0,,,,,,,,,,1,,,,,,,,,,,1,,,,,,,,,,,,1,,,,,1,,,,,,,,,,,,,,,,,0,,,,,,,,,1,,1,,,,,,,,,,,,,,,,,,,,,,,,,,,,,,,,,,,,,,,,,1,1,
148,0,0,7,5,1,,,,-1,,,,,,,,,,,,,,,,,,,,,,1,,,,,1,,,,,,,,,,,,,,,,,,,,,,,,,,,,,,,,,,,,,,,,,,,,,,,,,,,,,,,,,,,,,,,1,,,,,,,,,,,,,0,,1,,,,,,,,1,
149,1,1,8,6,0,,,1,,,,,,,,,,,,,,,,,,,,,,,,,,,,,,,,,0,,,,,,,,,,,,,,,,1,,,,,,,,,0,,,,,1,,,,,,,,,,,,,,,,,,,,,,,,,,,,,,,,,,,,,,,,,,,,,1,,,,,1,,1
150,1,0,12,9,3,,,,,,,,,,,,,,,,,,,,,,,,,,,,,,,,,,,,,,,,1,,,,,,,,1,,,,,,,,,,,,,,,-1,-1,,,,,,1,,,,,,,,,,,1,,,,,,,,,,,,,,-1,,,,,,,,1,,,1,,,,,,,1,,,,1,1
151,,0,3,1,0,,,,,,,,,,,,,,,0,,,,,,,,,,,,,,,,,,,,,,,,,,,,,,,,0,1,,,,,,,,,,,,,,,,,,,,,,,,,,,,,,,,,,,,,,,,,,,,,,,,,,,,,,,,,,,,,,,,,,,,,,
152,0,0,10,5,3,,,,,,,,,,,,,,,,,,,,,1,,,,,,,,,,,,,,,,,,,,,,,,,,,,,,,,,,,,,1,,,,1,,,,,,,,,,,,,,,,,-1,,,,,,,,,,-1,,,,,,-1,,,,,,,,,1,,,,,,,,,,0,,0,,1
153,0,0,46,23,11,1,1,,,1,0,,0,1,-1,0,,1,-1,1,,1,,,,1,-1,,,,-1,,,1,-1,,-1,0,,,1,,,,,,,,,,,,-1,,1,,,-1,,-1,1,1,1,,,,0,,1,1,,,,,,,,,,,,,,,,1,1,,,0,1,,,,1,,,,,,,0,0,,,0,-1,,,,,,,0,1,-1,,,,0,1,0,1
154,,0,2,1,1,,,,,,,,,,,,,,,,,,,,,,,,,,,,,,,,,,,,,,,,,,,,,,,,,,1,-1,,,,,,,,,,,,,,,,,,,,,,,,,,,,,,,,,,,,,,,,,,,,,,,,,,,,,,,,,,,,,,,,,,,
155,1,0,19,10,2,,,,0,1,,0,,,,,,1,,,,1,,,,,,,,1,,1,,,,,,,,,,0,,,1,,,-1,,,,1,0,,,,,,0,,,,,,,,,,,,,,,,,,,,,,,,,,,,,,,1,,,,,,,,,,-1,,,,,,,,,,,,,,,,,,,,0,0,1,1
156,,0,2,2,0,,,1,,,,,,,,,,,,,,,,,,,,,,,,,,,,,,,,,,,,,,,,,,,,1,,,,,,,,,,,,,,,,,,,,,,,,,,,,,,,,,,,,,,,,,,,,,,,,,,,,,,,,,,,,,,,,,,,,,,,
157,0,0,11,6,1,,,,,,,,,,-1,1,,,,,,,,,,,,,,,,,,,,,,,,,1,,,,,,,,0,,,,,,,,,,,,,,,,,,,,,,,,,,,0,0,,,1,,,,,,,,1,,,,,,,,,,,,,,,,,,,,,,,,,,,0,1,,,,,,,1
158,,0,1,1,0,,,,,,,,,,,,,,,,,,,,,,,,,,,,,,,,,,,,,,,,,,,,,,,,,,,,,,,,,,,,,,,,,1,,,,,,,,,,,,,,,,,,,,,,,,,,,,,,,,,,,,,,,,,,,,,,,,,,,,,
159,,0,1,0,0,,,,,,,,,,,,,,,,,,,,,,,,,,,,,,,,,,,,,,,,,,,,,,,,,,,,,,,,,,,,,,,,,,,,,,,,,,,,,,,,,,,,,,,,,,,,,,,,,,,,,,,,,,,,,,,,,,,,,,0
160,,0,4,3,0,,,,,,,,,,,0,,,,,,,,,,,,1,,,,,,,,,,,,,,,,,,,,,,,,,,,,,,,,,,,,,,,,,,,,,1,,,,,,,,,,,,,,,,,,,,,,,,,,1,,,,,,,,,,,,,,,,,,,,,,,,
161,,0,2,0,1,,,,,,,-1,,,,,,,,,,,,,,,,,,,,,,,,,,,,,,,,,,,,,,,,,,,,,,,,,,,,,,,,,,,,,,,,,,,,0,,,,,,,,,,,,,,,,,,,,,,,,,,,,,,,,,,,,,,,,,,,
162,,0,3,0,0,,,,,,,,,,,,,,,,,,,,,,,,,,,,,,,,,,,,0,0,,,,,,,,,,,,,,,,,,,,,,,,,,,,,,,,,,0,,,,,,,,,,,,,,,,,,,,,,,,,,,,,,,,,,,,,,,,,,,,,,,
