topic,"#TransportNewNormal"
url,http://pol.is/4asymkcrjf
voters,163
voters-in-conv,117
commenters,33
comments,118
groups,2
conversation-description,"We are crowdsourcing a vision for what the new normal for transport and mobility should be like. To take part:

1. Agree, Disagree, or Pass on 20 of the below statements
2. Add a statement of your own.
3. Scroll down to see how your views are positioned in relation to others.
4. Share this on Twitter and Facebook.

This work is being done as part of the #NewNormal project - https://www.mobilitylab.org.uk/new-normal.html."
vote-convention,agree=+1;disagree=-1;pass=0;format=polis-export/1